Accident Index,Timestamp,severity,Casualties,Number of Casualties,Number of Vehicles,url,apiUrl,Latitude,Longitude
200001CP00079,"8:06am, 21st March 2000",slight,Cyclist,1,2,https://www.cyclestreets.net/collisions/reports/200001CP00079/,https://api.cyclestreets.net/v2/collisions.location?id=200001CP00079,51.510986,-0.102536
200001CP00131,"6:00pm, 21st March 2000",slight,Cyclist,1,2,https://www.cyclestreets.net/collisions/reports/200001CP00131/,https://api.cyclestreets.net/v2/collisions.location?id=200001CP00131,51.511196,-0.104401
200001CP00264,"5:58pm, 27th July 2000",serious,Cyclist,1,1,https://www.cyclestreets.net/collisions/reports/200001CP00264/,https://api.cyclestreets.net/v2/collisions.location?id=200001CP00264,51.511908,-0.103939
200001CP00309,"1:00pm, 9th August 2000",slight,Cyclist,1,2,https://www.cyclestreets.net/collisions/reports/200001CP00309/,https://api.cyclestreets.net/v2/collisions.location?id=200001CP00309,51.510995,-0.103112
200001CP00438,"6:15am, 20th November 2000",slight,Cyclist,1,2,https://www.cyclestreets.net/collisions/reports/200001CP00438/,https://api.cyclestreets.net/v2/collisions.location?id=200001CP00438,51.51147,-0.104678
200101CP00267,"5:55pm, 3rd August 2001",slight,Cyclist,1,2,https://www.cyclestreets.net/collisions/reports/200101CP00267/,https://api.cyclestreets.net/v2/collisions.location?id=200101CP00267,51.510984,-0.108013
200101CP00420,"1:18pm, 3rd December 2001",slight,Cyclist,1,2,https://www.cyclestreets.net/collisions/reports/200101CP00420/,https://api.cyclestreets.net/v2/collisions.location?id=200101CP00420,51.511777,-0.106971
200201CP00082,"10:30am, 26th March 2002",slight,Cyclist,1,2,https://www.cyclestreets.net/collisions/reports/200201CP00082/,https://api.cyclestreets.net/v2/collisions.location?id=200201CP00082,51.511825,-0.104375
200201CP00131,"4:00pm, 21st April 2002",slight,Cyclist,1,2,https://www.cyclestreets.net/collisions/reports/200201CP00131/,https://api.cyclestreets.net/v2/collisions.location?id=200201CP00131,51.510895,-0.108016
200201CP00234,"9:02pm, 8th August 2002",slight,Cyclist,1,2,https://www.cyclestreets.net/collisions/reports/200201CP00234/,https://api.cyclestreets.net/v2/collisions.location?id=200201CP00234,51.510945,-0.105564
200201CP00235,"4:30pm, 12th August 2002",slight,Cyclist,1,2,https://www.cyclestreets.net/collisions/reports/200201CP00235/,https://api.cyclestreets.net/v2/collisions.location?id=200201CP00235,51.511906,-0.103795
200201CP00382,"8:20am, 10th December 2002",slight,Cyclist,1,1,https://www.cyclestreets.net/collisions/reports/200201CP00382/,https://api.cyclestreets.net/v2/collisions.location?id=200201CP00382,51.512064,-0.102491
200301CP00008,"10:15am, 29th January 2003",slight,Cyclist,1,2,https://www.cyclestreets.net/collisions/reports/200301CP00008/,https://api.cyclestreets.net/v2/collisions.location?id=200301CP00008,51.51173,-0.104091
200301CP00022,"6:45pm, 17th February 2003",slight,Cyclist,1,2,https://www.cyclestreets.net/collisions/reports/200301CP00022/,https://api.cyclestreets.net/v2/collisions.location?id=200301CP00022,51.510971,-0.107149
200301CP00070,"9:30pm, 13th March 2003",slight,Cyclist,1,2,https://www.cyclestreets.net/collisions/reports/200301CP00070/,https://api.cyclestreets.net/v2/collisions.location?id=200301CP00070,51.510565,-0.104283
200301CP00124,"12:30pm, 7th June 2003",slight,Cyclist,1,2,https://www.cyclestreets.net/collisions/reports/200301CP00124/,https://api.cyclestreets.net/v2/collisions.location?id=200301CP00124,51.511915,-0.104371
200301CP00281,"1:40pm, 13th November 2003",slight,Cyclist,2,2,https://www.cyclestreets.net/collisions/reports/200301CP00281/,https://api.cyclestreets.net/v2/collisions.location?id=200301CP00281,51.510888,-0.107584
200401CP00198,"2:30pm, 25th August 2004",slight,Cyclist,1,2,https://www.cyclestreets.net/collisions/reports/200401CP00198/,https://api.cyclestreets.net/v2/collisions.location?id=200401CP00198,51.511915,-0.104371
200401CP00288,"8:50am, 15th November 2004",slight,Cyclist,1,2,https://www.cyclestreets.net/collisions/reports/200401CP00288/,https://api.cyclestreets.net/v2/collisions.location?id=200401CP00288,51.511645,-0.104382
200501CP00307,"6:10pm, 17th November 2005",slight,Cyclist,1,2,https://www.cyclestreets.net/collisions/reports/200501CP00307/,https://api.cyclestreets.net/v2/collisions.location?id=200501CP00307,51.512076,-0.103212
200601CP00033,"10:07am, 17th February 2006",serious,Cyclist,1,2,https://www.cyclestreets.net/collisions/reports/200601CP00033/,https://api.cyclestreets.net/v2/collisions.location?id=200601CP00033,51.510901,-0.102828
200601CP00099,"8:10am, 25th April 2006",serious,Cyclist,2,2,https://www.cyclestreets.net/collisions/reports/200601CP00099/,https://api.cyclestreets.net/v2/collisions.location?id=200601CP00099,51.510924,-0.104268
200601CP00177,"1:10pm, 11th July 2006",serious,Cyclist,1,3,https://www.cyclestreets.net/collisions/reports/200601CP00177/,https://api.cyclestreets.net/v2/collisions.location?id=200601CP00177,51.510912,-0.103548
200601CP00238,"4:43pm, 7th September 2006",slight,Cyclist,1,2,https://www.cyclestreets.net/collisions/reports/200601CP00238/,https://api.cyclestreets.net/v2/collisions.location?id=200601CP00238,51.510896,-0.10254
200601CP00244,"6:37am, 12th September 2006",serious,Cyclist,1,2,https://www.cyclestreets.net/collisions/reports/200601CP00244/,https://api.cyclestreets.net/v2/collisions.location?id=200601CP00244,51.51182,-0.104087
200601CP00258,"7:50am, 20th September 2006",slight,Cyclist,1,2,https://www.cyclestreets.net/collisions/reports/200601CP00258/,https://api.cyclestreets.net/v2/collisions.location?id=200601CP00258,51.510901,-0.102828
200601CP00275,"8:25pm, 10th October 2006",serious,Cyclist,1,2,https://www.cyclestreets.net/collisions/reports/200601CP00275/,https://api.cyclestreets.net/v2/collisions.location?id=200601CP00275,51.510933,-0.104844
200601CP00315,"10:00am, 16th November 2006",serious,Cyclist,1,2,https://www.cyclestreets.net/collisions/reports/200601CP00315/,https://api.cyclestreets.net/v2/collisions.location?id=200601CP00315,51.511021,-0.104697
200701CP00003,"8:29am, 8th January 2007",slight,Cyclist,1,2,https://www.cyclestreets.net/collisions/reports/200701CP00003/,https://api.cyclestreets.net/v2/collisions.location?id=200701CP00003,51.510898,-0.102684
200701CP00032,"7:40am, 30th January 2007",fatal,Cyclist,1,2,https://www.cyclestreets.net/collisions/reports/200701CP00032/,https://api.cyclestreets.net/v2/collisions.location?id=200701CP00032,51.510978,-0.107581
200701CP00102,"11:30am, 17th April 2007",slight,Cyclist,1,2,https://www.cyclestreets.net/collisions/reports/200701CP00102/,https://api.cyclestreets.net/v2/collisions.location?id=200701CP00102,51.511818,-0.103943
200701CP00118,"10:35am, 2nd May 2007",slight,Cyclist,1,2,https://www.cyclestreets.net/collisions/reports/200701CP00118/,https://api.cyclestreets.net/v2/collisions.location?id=200701CP00118,51.511016,-0.104409
200701CP00168,"4:10pm, 14th June 2007",slight,Cyclist,1,1,https://www.cyclestreets.net/collisions/reports/200701CP00168/,https://api.cyclestreets.net/v2/collisions.location?id=200701CP00168,51.510908,-0.10326
200701CP00187,"12:07pm, 18th July 2007",slight,Cyclist,1,2,https://www.cyclestreets.net/collisions/reports/200701CP00187/,https://api.cyclestreets.net/v2/collisions.location?id=200701CP00187,51.510839,-0.10456
200701CP00222,"8:10am, 24th August 2007",slight,Cyclist,1,2,https://www.cyclestreets.net/collisions/reports/200701CP00222/,https://api.cyclestreets.net/v2/collisions.location?id=200701CP00222,51.510749,-0.104564
200701CP00272,"9:15am, 11th October 2007",slight,Cyclist,1,2,https://www.cyclestreets.net/collisions/reports/200701CP00272/,https://api.cyclestreets.net/v2/collisions.location?id=200701CP00272,51.511735,-0.104379
200701CP00325,"11:30am, 17th November 2007",slight,Cyclist,1,2,https://www.cyclestreets.net/collisions/reports/200701CP00325/,https://api.cyclestreets.net/v2/collisions.location?id=200701CP00325,51.510839,-0.10456
200801CP00011,"1:45pm, 7th January 2008",slight,Cyclist,1,2,https://www.cyclestreets.net/collisions/reports/200801CP00011/,https://api.cyclestreets.net/v2/collisions.location?id=200801CP00011,51.510926,-0.104412
200801CP00025,"4:44pm, 26th January 2008",slight,Cyclist,1,2,https://www.cyclestreets.net/collisions/reports/200801CP00025/,https://api.cyclestreets.net/v2/collisions.location?id=200801CP00025,51.512184,-0.10436
200801CP00143,"7:10am, 23rd June 2008",slight,Cyclist,1,2,https://www.cyclestreets.net/collisions/reports/200801CP00143/,https://api.cyclestreets.net/v2/collisions.location?id=200801CP00143,51.51197,-0.102207
200801CP00160,"8:40am, 9th July 2008",slight,Cyclist,1,2,https://www.cyclestreets.net/collisions/reports/200801CP00160/,https://api.cyclestreets.net/v2/collisions.location?id=200801CP00160,51.510749,-0.104564
200801CP00216,"9:37am, 12th September 2008",serious,Cyclist,1,2,https://www.cyclestreets.net/collisions/reports/200801CP00216/,https://api.cyclestreets.net/v2/collisions.location?id=200801CP00216,51.510749,-0.104564
200901CP00020,"8:34am, 11th February 2009",slight,Cyclist,1,2,https://www.cyclestreets.net/collisions/reports/200901CP00020/,https://api.cyclestreets.net/v2/collisions.location?id=200901CP00020,51.510749,-0.104564
200901CP00106,"5:50am, 7th May 2009",serious,Cyclist,1,2,https://www.cyclestreets.net/collisions/reports/200901CP00106/,https://api.cyclestreets.net/v2/collisions.location?id=200901CP00106,51.511998,-0.103935
200901CP00139,"7:04am, 17th June 2009",slight,Cyclist,1,2,https://www.cyclestreets.net/collisions/reports/200901CP00139/,https://api.cyclestreets.net/v2/collisions.location?id=200901CP00139,51.511986,-0.103215
201001CP00085,"6:05pm, 20th April 2010",slight,Cyclist,1,2,https://www.cyclestreets.net/collisions/reports/201001CP00085/,https://api.cyclestreets.net/v2/collisions.location?id=201001CP00085,51.51191,-0.104083
201001CP00100,"8:48am, 22nd March 2010",slight,Cyclist,1,2,https://www.cyclestreets.net/collisions/reports/201001CP00100/,https://api.cyclestreets.net/v2/collisions.location?id=201001CP00100,51.510889,-0.102108
201001CP00102,"9:04am, 11th May 2010",slight,Cyclist,1,1,https://www.cyclestreets.net/collisions/reports/201001CP00102/,https://api.cyclestreets.net/v2/collisions.location?id=201001CP00102,51.51206,-0.102203
201001CP00240,"7:26pm, 24th August 2010",slight,Cyclist,1,1,https://www.cyclestreets.net/collisions/reports/201001CP00240/,https://api.cyclestreets.net/v2/collisions.location?id=201001CP00240,51.512078,-0.103356
201001CP00270,"5:58pm, 29th November 2010",slight,Cyclist,1,2,https://www.cyclestreets.net/collisions/reports/201001CP00270/,https://api.cyclestreets.net/v2/collisions.location?id=201001CP00270,51.512,-0.104079
201001CP00278,"4:30pm, 23rd November 2010",slight,Cyclist,1,2,https://www.cyclestreets.net/collisions/reports/201001CP00278/,https://api.cyclestreets.net/v2/collisions.location?id=201001CP00278,51.510988,-0.10268
201001CP00316,"7:45am, 18th October 2010",slight,Cyclist,1,2,https://www.cyclestreets.net/collisions/reports/201001CP00316/,https://api.cyclestreets.net/v2/collisions.location?id=201001CP00316,51.511558,-0.10453
201001CP00333,"7:40am, 1st October 2010",serious,Cyclist,1,2,https://www.cyclestreets.net/collisions/reports/201001CP00333/,https://api.cyclestreets.net/v2/collisions.location?id=201001CP00333,51.512067,-0.102635
201001CP00338,"8:30am, 1st November 2010",slight,Cyclist,1,2,https://www.cyclestreets.net/collisions/reports/201001CP00338/,https://api.cyclestreets.net/v2/collisions.location?id=201001CP00338,51.512182,-0.104216
201001CP00361,"8:05am, 10th December 2010",slight,Cyclist,1,2,https://www.cyclestreets.net/collisions/reports/201001CP00361/,https://api.cyclestreets.net/v2/collisions.location?id=201001CP00361,51.511965,-0.101919
201001CW11697,"7:45pm, 9th August 2010",slight,Cyclist,1,2,https://www.cyclestreets.net/collisions/reports/201001CW11697/,https://api.cyclestreets.net/v2/collisions.location?id=201001CW11697,51.511106,-0.104405
201101CP00011,"5:23pm, 14th January 2011",slight,Cyclist,1,2,https://www.cyclestreets.net/collisions/reports/201101CP00011/,https://api.cyclestreets.net/v2/collisions.location?id=201101CP00011,51.510931,-0.1047
201101CP00016,"2:40pm, 19th January 2011",slight,Cyclist,1,2,https://www.cyclestreets.net/collisions/reports/201101CP00016/,https://api.cyclestreets.net/v2/collisions.location?id=201101CP00016,51.510933,-0.104844
201101CP00017,"11:00am, 18th January 2011",serious,Cyclist,1,2,https://www.cyclestreets.net/collisions/reports/201101CP00017/,https://api.cyclestreets.net/v2/collisions.location?id=201101CP00017,51.511998,-0.103935
201101CP00032,"9:50am, 27th January 2011",slight,Cyclist,1,2,https://www.cyclestreets.net/collisions/reports/201101CP00032/,https://api.cyclestreets.net/v2/collisions.location?id=201101CP00032,51.511903,-0.103651
201101CP00048,"12:26pm, 7th February 2011",slight,Cyclist,1,2,https://www.cyclestreets.net/collisions/reports/201101CP00048/,https://api.cyclestreets.net/v2/collisions.location?id=201101CP00048,51.510919,-0.10398
201101CP00062,"6:45pm, 14th February 2011",serious,Cyclist,1,2,https://www.cyclestreets.net/collisions/reports/201101CP00062/,https://api.cyclestreets.net/v2/collisions.location?id=201101CP00062,51.511967,-0.102063
201101CP00097,"11:40am, 29th March 2011",serious,Cyclist,1,2,https://www.cyclestreets.net/collisions/reports/201101CP00097/,https://api.cyclestreets.net/v2/collisions.location?id=201101CP00097,51.511967,-0.102063
201101CP00109,"12:16pm, 9th April 2011",slight,Cyclist,1,2,https://www.cyclestreets.net/collisions/reports/201101CP00109/,https://api.cyclestreets.net/v2/collisions.location?id=201101CP00109,51.510917,-0.103836
201101CP00166,"3:23pm, 15th June 2011",slight,Cyclist,1,2,https://www.cyclestreets.net/collisions/reports/201101CP00166/,https://api.cyclestreets.net/v2/collisions.location?id=201101CP00166,51.510816,-0.10312
201101CP00185,"8:10am, 11th July 2011",slight,Cyclist,1,2,https://www.cyclestreets.net/collisions/reports/201101CP00185/,https://api.cyclestreets.net/v2/collisions.location?id=201101CP00185,51.51182,-0.104087
201101CP00227,"6:59pm, 18th August 2011",slight,Cyclist,1,2,https://www.cyclestreets.net/collisions/reports/201101CP00227/,https://api.cyclestreets.net/v2/collisions.location?id=201101CP00227,51.511908,-0.103939
201101CP00238,"6:02pm, 22nd August 2011",slight,Cyclist,1,2,https://www.cyclestreets.net/collisions/reports/201101CP00238/,https://api.cyclestreets.net/v2/collisions.location?id=201101CP00238,51.510952,-0.105996
201101CP00249,"11:15pm, 3rd September 2011",slight,Cyclist,1,2,https://www.cyclestreets.net/collisions/reports/201101CP00249/,https://api.cyclestreets.net/v2/collisions.location?id=201101CP00249,51.510836,-0.104416
201101CP00359,"1:43pm, 20th December 2011",serious,Cyclist,1,2,https://www.cyclestreets.net/collisions/reports/201101CP00359/,https://api.cyclestreets.net/v2/collisions.location?id=201101CP00359,51.512002,-0.104223
201101CP00376,"2:15pm, 1st December 2011",slight,Cyclist,1,2,https://www.cyclestreets.net/collisions/reports/201101CP00376/,https://api.cyclestreets.net/v2/collisions.location?id=201101CP00376,51.510659,-0.104567
201201CP00044,"8:05am, 12th February 2012",slight,Cyclist,1,2,https://www.cyclestreets.net/collisions/reports/201201CP00044/,https://api.cyclestreets.net/v2/collisions.location?id=201201CP00044,51.510839,-0.10456
201201CP00103,"8:22am, 2nd April 2012",serious,Cyclist,1,1,https://www.cyclestreets.net/collisions/reports/201201CP00103/,https://api.cyclestreets.net/v2/collisions.location?id=201201CP00103,51.510988,-0.10268
201201CP00158,"3:45pm, 3rd February 2012",slight,Cyclist,1,2,https://www.cyclestreets.net/collisions/reports/201201CP00158/,https://api.cyclestreets.net/v2/collisions.location?id=201201CP00158,51.511019,-0.104553
201201CP00199,"6:15pm, 5th July 2012",slight,Cyclist,1,2,https://www.cyclestreets.net/collisions/reports/201201CP00199/,https://api.cyclestreets.net/v2/collisions.location?id=201201CP00199,51.512,-0.104079
201201CP00218,"12:50am, 24th July 2012",serious,Cyclist,1,2,https://www.cyclestreets.net/collisions/reports/201201CP00218/,https://api.cyclestreets.net/v2/collisions.location?id=201201CP00218,51.510975,-0.107437
201201CP00225,"10:10am, 24th July 2012",slight,Cyclist,1,2,https://www.cyclestreets.net/collisions/reports/201201CP00225/,https://api.cyclestreets.net/v2/collisions.location?id=201201CP00225,51.510839,-0.10456
201201CP00237,"2:23pm, 26th July 2012",slight,Cyclist,1,2,https://www.cyclestreets.net/collisions/reports/201201CP00237/,https://api.cyclestreets.net/v2/collisions.location?id=201201CP00237,51.510888,-0.107584
201201CP00243,"11:39am, 2nd August 2012",serious,Cyclist,1,1,https://www.cyclestreets.net/collisions/reports/201201CP00243/,https://api.cyclestreets.net/v2/collisions.location?id=201201CP00243,51.51191,-0.104083
201201CP00251,"8:20am, 13th August 2012",serious,Cyclist,1,2,https://www.cyclestreets.net/collisions/reports/201201CP00251/,https://api.cyclestreets.net/v2/collisions.location?id=201201CP00251,51.51094,-0.105276
201201CP00278,"7:00am, 10th September 2012",slight,Cyclist,1,2,https://www.cyclestreets.net/collisions/reports/201201CP00278/,https://api.cyclestreets.net/v2/collisions.location?id=201201CP00278,51.510982,-0.107869
201201CP00279,"8:35am, 6th September 2012",slight,Cyclist,1,2,https://www.cyclestreets.net/collisions/reports/201201CP00279/,https://api.cyclestreets.net/v2/collisions.location?id=201201CP00279,51.510839,-0.10456
201201CP00374,"7:30am, 19th November 2012",serious,Cyclist,1,2,https://www.cyclestreets.net/collisions/reports/201201CP00374/,https://api.cyclestreets.net/v2/collisions.location?id=201201CP00374,51.510917,-0.103836
201201CP00393,"8:12am, 4th December 2012",serious,Cyclist,1,2,https://www.cyclestreets.net/collisions/reports/201201CP00393/,https://api.cyclestreets.net/v2/collisions.location?id=201201CP00393,51.510984,-0.102392
201301CP00003,"5:00pm, 5th January 2013",slight,Cyclist,1,2,https://www.cyclestreets.net/collisions/reports/201301CP00003/,https://api.cyclestreets.net/v2/collisions.location?id=201301CP00003,51.510984,-0.102393
201301CP00017,"5:45pm, 28th February 2013",slight,Cyclist,1,2,https://www.cyclestreets.net/collisions/reports/201301CP00017/,https://api.cyclestreets.net/v2/collisions.location?id=201301CP00017,51.510976,-0.107437
201301CP00100,"8:05am, 31st May 2013",slight,Cyclist,1,2,https://www.cyclestreets.net/collisions/reports/201301CP00100/,https://api.cyclestreets.net/v2/collisions.location?id=201301CP00100,51.511821,-0.104087
201301CP00101,"4:09pm, 23rd May 2013",slight,Cyclist,1,2,https://www.cyclestreets.net/collisions/reports/201301CP00101/,https://api.cyclestreets.net/v2/collisions.location?id=201301CP00101,51.510895,-0.108017
201301CP00134,"9:15am, 20th June 2013",serious,Cyclist,1,2,https://www.cyclestreets.net/collisions/reports/201301CP00134/,https://api.cyclestreets.net/v2/collisions.location?id=201301CP00134,51.510839,-0.10456
201301CP00171,"9:15am, 10th July 2013",serious,Cyclist,1,2,https://www.cyclestreets.net/collisions/reports/201301CP00171/,https://api.cyclestreets.net/v2/collisions.location?id=201301CP00171,51.511045,-0.106137
201301CP00184,"7:30pm, 23rd July 2013",slight,Cyclist,1,2,https://www.cyclestreets.net/collisions/reports/201301CP00184/,https://api.cyclestreets.net/v2/collisions.location?id=201301CP00184,51.510987,-0.108157
201301CP00186,"5:56pm, 21st July 2013",slight,Cyclist,1,2,https://www.cyclestreets.net/collisions/reports/201301CP00186/,https://api.cyclestreets.net/v2/collisions.location?id=201301CP00186,51.51089,-0.102108
201301CP00207,"7:58am, 29th August 2013",serious,Cyclist,1,2,https://www.cyclestreets.net/collisions/reports/201301CP00207/,https://api.cyclestreets.net/v2/collisions.location?id=201301CP00207,51.510897,-0.108161
201301CP00232,"9:00am, 20th September 2013",slight,Cyclist,1,2,https://www.cyclestreets.net/collisions/reports/201301CP00232/,https://api.cyclestreets.net/v2/collisions.location?id=201301CP00232,51.510934,-0.104845
201301CP00235,"10:29pm, 17th September 2013",slight,Cyclist,1,2,https://www.cyclestreets.net/collisions/reports/201301CP00235/,https://api.cyclestreets.net/v2/collisions.location?id=201301CP00235,51.511814,-0.103655
201301CP00334,"3:00pm, 15th April 2013",slight,Cyclist,1,2,https://www.cyclestreets.net/collisions/reports/201301CP00334/,https://api.cyclestreets.net/v2/collisions.location?id=201301CP00334,51.510989,-0.102681
201401CP00069,"7:00am, 3rd March 2014",slight,Cyclist,1,2,https://www.cyclestreets.net/collisions/reports/201401CP00069/,https://api.cyclestreets.net/v2/collisions.location?id=201401CP00069,51.512067,-0.102636
201401CP00173,"9:18am, 20th June 2014",slight,Cyclist,1,2,https://www.cyclestreets.net/collisions/reports/201401CP00173/,https://api.cyclestreets.net/v2/collisions.location?id=201401CP00173,51.511646,-0.104383
201401CP00255,"5:07pm, 17th July 2014",slight,Cyclist,1,2,https://www.cyclestreets.net/collisions/reports/201401CP00255/,https://api.cyclestreets.net/v2/collisions.location?id=201401CP00255,51.511913,-0.104228
201401CP00266,"5:52pm, 5th September 2014",slight,Cyclist,1,2,https://www.cyclestreets.net/collisions/reports/201401CP00266/,https://api.cyclestreets.net/v2/collisions.location?id=201401CP00266,51.511374,-0.10425
201401CP00270,"9:46pm, 2nd September 2014",slight,Cyclist,1,2,https://www.cyclestreets.net/collisions/reports/201401CP00270/,https://api.cyclestreets.net/v2/collisions.location?id=201401CP00270,51.511908,-0.10394
201401CP00289,"2:32pm, 24th October 2014",slight,Cyclist,1,2,https://www.cyclestreets.net/collisions/reports/201401CP00289/,https://api.cyclestreets.net/v2/collisions.location?id=201401CP00289,51.511908,-0.10394
201401CP00326,"10:15am, 24th October 2014",slight,Cyclist,1,2,https://www.cyclestreets.net/collisions/reports/201401CP00326/,https://api.cyclestreets.net/v2/collisions.location?id=201401CP00326,51.510979,-0.102105
201401CP00347,"12:00pm, 21st November 2014",slight,Cyclist,1,2,https://www.cyclestreets.net/collisions/reports/201401CP00347/,https://api.cyclestreets.net/v2/collisions.location?id=201401CP00347,51.510975,-0.101817
201501CP00042,"5:55pm, 10th February 2015",slight,Cyclist,1,2,https://www.cyclestreets.net/collisions/reports/201501CP00042/,https://api.cyclestreets.net/v2/collisions.location?id=201501CP00042,51.511875,-0.104107
201501CP00052,"9:30am, 20th February 2015",slight,Cyclist,1,2,https://www.cyclestreets.net/collisions/reports/201501CP00052/,https://api.cyclestreets.net/v2/collisions.location?id=201501CP00052,51.510893,-0.104581
201501CP00099,"1:45pm, 15th April 2015",slight,Cyclist,1,2,https://www.cyclestreets.net/collisions/reports/201501CP00099/,https://api.cyclestreets.net/v2/collisions.location?id=201501CP00099,51.512045,-0.103524
201501CP00126,"8:30am, 18th May 2015",slight,Cyclist,1,2,https://www.cyclestreets.net/collisions/reports/201501CP00126/,https://api.cyclestreets.net/v2/collisions.location?id=201501CP00126,51.510803,-0.104584
201501CP00185,"8:17am, 23rd June 2015",slight,"Cyclist,Motorcycle rider/passenger",3,2,https://www.cyclestreets.net/collisions/reports/201501CP00185/,https://api.cyclestreets.net/v2/collisions.location?id=201501CP00185,51.511041,-0.108177
201501CP00186,"5:52pm, 1st June 2015",slight,Cyclist,1,2,https://www.cyclestreets.net/collisions/reports/201501CP00186/,https://api.cyclestreets.net/v2/collisions.location?id=201501CP00186,51.511038,-0.102413
201501CP00193,"8:35am, 3rd June 2015",slight,Cyclist,1,2,https://www.cyclestreets.net/collisions/reports/201501CP00193/,https://api.cyclestreets.net/v2/collisions.location?id=201501CP00193,51.511964,-0.104104
201501CP00201,"11:10am, 22nd July 2015",slight,Cyclist,1,2,https://www.cyclestreets.net/collisions/reports/201501CP00201/,https://api.cyclestreets.net/v2/collisions.location?id=201501CP00201,51.512019,-0.10194
201501CP00202,"5:45pm, 20th July 2015",slight,Cyclist,1,2,https://www.cyclestreets.net/collisions/reports/201501CP00202/,https://api.cyclestreets.net/v2/collisions.location?id=201501CP00202,51.510949,-0.108037
2016480048598,"6:00pm, 21st January 2016",slight,Cyclist,1,2,https://www.cyclestreets.net/collisions/reports/2016480048598/,https://api.cyclestreets.net/v2/collisions.location?id=2016480048598,51.510976,-0.107437
2016480060177,"8:42pm, 13th March 2016",slight,Cyclist,1,2,https://www.cyclestreets.net/collisions/reports/2016480060177/,https://api.cyclestreets.net/v2/collisions.location?id=2016480060177,51.511019,-0.104553
2016480081255,"8:30am, 7th June 2016",slight,Cyclist,1,2,https://www.cyclestreets.net/collisions/reports/2016480081255/,https://api.cyclestreets.net/v2/collisions.location?id=2016480081255,51.511736,-0.104379
2016480105922,"8:11am, 26th August 2016",slight,Cyclist,1,2,https://www.cyclestreets.net/collisions/reports/2016480105922/,https://api.cyclestreets.net/v2/collisions.location?id=2016480105922,51.511148,-0.106998
2016480118708,"7:00pm, 30th September 2016",slight,Cyclist,1,2,https://www.cyclestreets.net/collisions/reports/2016480118708/,https://api.cyclestreets.net/v2/collisions.location?id=2016480118708,51.511381,-0.104682
2016480120261,"8:00am, 10th October 2016",slight,Cyclist,1,2,https://www.cyclestreets.net/collisions/reports/2016480120261/,https://api.cyclestreets.net/v2/collisions.location?id=2016480120261,51.511,-0.103401
2016480135469,"4:35am, 13th November 2016",slight,Cyclist,1,2,https://www.cyclestreets.net/collisions/reports/2016480135469/,https://api.cyclestreets.net/v2/collisions.location?id=2016480135469,51.511911,-0.104084
2017480154955,"9:11am, 3rd February 2017",slight,Cyclist,1,2,https://www.cyclestreets.net/collisions/reports/2017480154955/,https://api.cyclestreets.net/v2/collisions.location?id=2017480154955,51.511132,-0.108148
2017480183458,"9:19am, 15th May 2017",slight,Cyclist,1,2,https://www.cyclestreets.net/collisions/reports/2017480183458/,https://api.cyclestreets.net/v2/collisions.location?id=2017480183458,51.511204,-0.106992
2017480193031,"9:00am, 17th May 2017",slight,Cyclist,1,2,https://www.cyclestreets.net/collisions/reports/2017480193031/,https://api.cyclestreets.net/v2/collisions.location?id=2017480193031,51.511201,-0.106848
2017480248835,"10:20am, 25th October 2017",slight,Cyclist,1,2,https://www.cyclestreets.net/collisions/reports/2017480248835/,https://api.cyclestreets.net/v2/collisions.location?id=2017480248835,51.511607,-0.104093
2017480258100,"7:00pm, 3rd November 2017",slight,Cyclist,1,2,https://www.cyclestreets.net/collisions/reports/2017480258100/,https://api.cyclestreets.net/v2/collisions.location?id=2017480258100,51.511192,-0.106272
2018480296570,"7:55am, 18th April 2018",slight,Cyclist,1,2,https://www.cyclestreets.net/collisions/reports/2018480296570/,https://api.cyclestreets.net/v2/collisions.location?id=2018480296570,51.511032,-0.108066
2018480307330,"5:07pm, 26th May 2018",serious,Cyclist,1,2,https://www.cyclestreets.net/collisions/reports/2018480307330/,https://api.cyclestreets.net/v2/collisions.location?id=2018480307330,51.511131,-0.108061
2018480307414,"9:20am, 21st May 2018",slight,Cyclist,1,2,https://www.cyclestreets.net/collisions/reports/2018480307414/,https://api.cyclestreets.net/v2/collisions.location?id=2018480307414,51.512206,-0.103319
2018480336482,"9:38am, 15th January 2018",slight,Cyclist,2,2,https://www.cyclestreets.net/collisions/reports/2018480336482/,https://api.cyclestreets.net/v2/collisions.location?id=2018480336482,51.511499,-0.104674
2018480811203,"10:12am, 17th September 2018",slight,Cyclist,1,2,https://www.cyclestreets.net/collisions/reports/2018480811203/,https://api.cyclestreets.net/v2/collisions.location?id=2018480811203,51.512107,-0.103337
2018480811216,"8:39pm, 11th September 2018",slight,Cyclist,1,2,https://www.cyclestreets.net/collisions/reports/2018480811216/,https://api.cyclestreets.net/v2/collisions.location?id=2018480811216,51.512059,-0.10259
2018480817779,"5:15pm, 24th September 2018",slight,Cyclist,1,2,https://www.cyclestreets.net/collisions/reports/2018480817779/,https://api.cyclestreets.net/v2/collisions.location?id=2018480817779,51.511839,-0.103982
2019480911471,"9:38am, 5th August 2019",slight,Cyclist,1,2,https://www.cyclestreets.net/collisions/reports/2019480911471/,https://api.cyclestreets.net/v2/collisions.location?id=2019480911471,51.511463,-0.104661
2019480932151,"3:28pm, 30th December 2019",serious,Cyclist,1,2,https://www.cyclestreets.net/collisions/reports/2019480932151/,https://api.cyclestreets.net/v2/collisions.location?id=2019480932151,51.511032,-0.103036
2019480951155,"6:30pm, 6th December 2019",slight,Cyclist,1,2,https://www.cyclestreets.net/collisions/reports/2019480951155/,https://api.cyclestreets.net/v2/collisions.location?id=2019480951155,51.511124,-0.107082
2020480990431,"12:10pm, 28th September 2020",slight,Cyclist,1,2,https://www.cyclestreets.net/collisions/reports/2020480990431/,https://api.cyclestreets.net/v2/collisions.location?id=2020480990431,51.512006,-0.104307
2020480992250,"7:16am, 2nd October 2020",serious,Cyclist,1,2,https://www.cyclestreets.net/collisions/reports/2020480992250/,https://api.cyclestreets.net/v2/collisions.location?id=2020480992250,51.511075,-0.102386
2020481013284,"9:30pm, 8th December 2020",slight,Cyclist,1,2,https://www.cyclestreets.net/collisions/reports/2020481013284/,https://api.cyclestreets.net/v2/collisions.location?id=2020481013284,51.511008,-0.10321
